竹達彩奈,2014-12-26 12:22:00,2321,声優・加藤英美里・三森すずこ・竹達彩奈の太ももｗｗｗｗｗｗｗｗｗｗｗｗｗｗｗｗｗ ,14,ニュー速VIP
竹達彩奈,2014-12-26 12:17:00,217,竹達彩奈さん　「あれれ？だれもいない… 場所間違えた…？？」  [504884911],54,ニュー速(嫌儲)
竹達彩奈,2014-12-26 02:44:00,2823,①花澤香菜②井口裕香③東山奈央④竹達彩奈⑤かな恵 ,15,なんでも実況J
竹達彩奈,2014-12-26 02:00:00,1579,竹達彩奈を一言で表すと ,13,ニュー速VIP
竹達彩奈,2014-12-25 20:05:00,2634,声優の竹達彩奈って何故、こんなに巨乳になったの？ ,10,ニュー速VIP
竹達彩奈,2014-12-25 17:46:00,1841,何故、声優の竹達彩奈って「彩奈、」←、付くの？？？？？？？？？？？？？ ,14,ニュー速VIP
竹達彩奈,2014-12-25 16:50:00,398,①花澤香菜②井口裕香③阿澄佳奈④竹達彩奈⑤伊藤かな恵⑥東山奈央 ,10,ニュー速VIP
竹達彩奈,2014-12-25 16:07:00,1932,声優の花澤香菜さんと竹達彩奈さんが腐女子に暴行を受けていたら・・・・・・・・・・・・・・・・・ ,10,ニュー速VIP
竹達彩奈,2014-12-25 15:04:00,687,【悲報】声優・竹達彩奈さん、クリスマスが楽しい ,12,ニュー速VIP
竹達彩奈,2014-12-25 14:21:00,2546,【悲報】竹達彩奈さん、クリスマスが楽しい ,13,ニュー速VIP
竹達彩奈,2014-12-25 14:20:00,134,竹達彩奈「クリスマスっていいね チキンやケーキをたくさん食べても怒られないから」  [525213945],96,ニュー速(嫌儲)
竹達彩奈,2014-12-25 11:35:00,2590,声優・竹達彩奈「3.34って円周率だっけ？」 ,20,なんでも実況J
竹達彩奈,2014-12-25 09:46:00,814,竹達彩奈に仕掛けてみたいドッキリあげてけ ,25,ニュー速VIP
竹達彩奈,2014-12-25 08:22:00,853,竹達彩奈→あやち 洲崎綾→あやっぺ ,18,ニュー速VIP
竹達彩奈,2014-12-25 04:46:00,2285,竹達彩奈「3.11って円周率だっけ？」 ,93,なんでも実況J
竹達彩奈,2014-12-25 04:16:00,274,竹達彩奈「3.11って円周率だっけ？」  [383133974],70,ニュー速(嫌儲)
竹達彩奈,2014-12-24 21:42:00,4441,竹達彩奈「いい子にしてるからサンタさん来ないかな ,33,なんでも実況J
竹達彩奈,2014-12-24 13:08:00,134,竹達彩奈さん「あ！メリークリスマス！いぶ！　いい子にしてるからサンタさん来ないかなぁ？」  [556664304],193,ニュー速(嫌儲)
竹達彩奈,2014-12-24 05:56:00,2139,竹達彩奈の最新画像ｗｗｗｗｗｗｗｗｗｗｗｗｗｗ ,72,なんでも実況J
竹達彩奈,2014-12-24 00:20:00,172,竹達彩奈さん「今夜8時になればサンタが家にやって来る」  [462593891],64,ニュー速(嫌儲)
竹達彩奈,2014-12-23 02:30:00,90,竹達彩奈 「今回のライブは、実はわたしの大好き方が来てくれてて。いつか直接感謝を伝えたい！です」  [504884911],65,ニュー速(嫌儲)
竹達彩奈,2014-12-23 01:44:00,1371,【悲報】竹達彩奈さん、こんな時間にお腹が減る ,19,ニュー速VIP
竹達彩奈,2014-12-22 20:30:00,3323,声優の竹達彩奈って何故、こんなに巨乳になったの？？？？？？？？？？？？？？？？？？？？？？？？ ,12,ニュー速VIP
竹達彩奈,2014-12-22 15:33:00,1013,声優の竹達彩奈って何故、こんなに巨乳になったの？？？？？？？？？？？？？？？？？？？？？？？？ ,37,ニュー速VIP
竹達彩奈,2014-12-22 10:23:00,1044,道端で声優の竹達彩奈さんが心臓押さえて苦しそうに倒れていたら・・・・・・・・・・・・・・・・・・・・・・・ ,24,ニュー速VIP
竹達彩奈,2014-12-21 22:34:00,331,竹達彩奈がマジで時計盗んだと思ってる奴多すぎだろ ,10,ニュー速VIP
竹達彩奈,2014-12-21 22:05:00,1267,①花澤香菜②井口裕香③阿澄佳奈④竹達彩奈⑤伊藤かな恵⑥東山奈央 ,35,ニュー速VIP
竹達彩奈,2014-12-21 21:49:00,2518,声優の竹達彩奈さんが人妻になっている件ｗｗｗｗｗｗｗｗｗｗｗｗｗｗｗｗｗｗｗｗｗｗｗｗｗｗｗｗ ,13,ニュー速VIP
竹達彩奈,2014-12-21 21:13:00,993,竹達彩奈のパイズリ　花澤香菜の脇コキ　井上麻里奈の足コキ　茅野愛衣のフェラチオ ,23,ニュー速VIP
竹達彩奈,2014-12-21 19:54:00,5354,【悲報】竹達彩奈さんのアルバム、日笠陽子に負ける ,133,なんでも実況J
竹達彩奈,2014-12-21 19:22:00,573,【画像】声優にまったく興味ないけど竹達彩奈さんにだけは求婚したいってやつ多いよな？  [886436381],58,ニュー速(嫌儲)
竹達彩奈,2014-12-21 18:16:00,2353,｢中野梓｣ ｢高坂桐乃｣ ｢竹達彩奈｣ が溺れてたら誰を助ける？ ,32,ニュー速VIP
種田梨沙,2014-12-25 19:31:00,1489,声優の種田梨沙ちゃんの声 ,12,ニュー速VIP
種田梨沙,2014-12-23 21:08:00,6795,種田梨沙さんのいいところで30目指すスレ ,14,なんでも実況J
種田梨沙,2014-12-21 18:34:00,5997,種田梨沙ちゃんはもっと売れるべき ,202,なんでも実況J
種田梨沙,2014-12-12 20:59:00,36,種田梨沙 Part17 ,509,声優個人
種田梨沙,2014-12-10 08:49:00,7567,種田梨沙とかいう声優の育成失敗感 ,1001,なんでも実況J
種田梨沙,2014-12-10 06:43:00,1231,Cv 種田梨沙のキャラのウザさ異常！！！ ,18,ニュー速VIP
種田梨沙,2014-12-09 21:35:00,614,声優の種田梨沙さん ,22,ニュー速VIP
種田梨沙,2014-12-04 23:44:00,1890,種田梨沙とかいう演技力ありすぎて逆に印象に残らない声優ｗｗｗｗｗｗｗｗｗｗ ,37,ニュー速VIP
種田梨沙,2014-12-04 20:36:00,400,種田梨沙とかいう声優ｗｗｗｗｗｗｗ ,19,ニュー速VIP
種田梨沙,2014-12-03 00:56:00,544,種田梨沙はなぜ出演するアニメに恵まれないのか ,11,ニュー速VIP
種田梨沙,2014-11-28 19:01:00,756,種田梨沙とかいう声優ってもうちょっと人気出てもいいと思うんだけど ,17,ニュー速VIP
種田梨沙,2014-11-27 00:29:00,1234,三代ヒロイン声の女性声優「早見沙織」「種田梨沙」あとは？ ,10,ニュー速VIP
種田梨沙,2014-11-22 09:29:00,2197,種田梨沙さんよりかわいい声優って存在するの？ ,16,ニュー速VIP
種田梨沙,2014-11-20 11:10:00,1237,声優の種田梨沙さんがかわいすぎる件 ,15,ニュー速VIP
種田梨沙,2014-11-17 18:02:00,64,TVアニメ「食戟のソーマ」　薙切えりな：種田梨沙　田所恵：高橋未奈美  [335447567],68,ニュー速(嫌儲)
種田梨沙,2014-11-17 17:10:00,1719,声優の種田梨沙さんってお前らどう思う？ ,131,ニュー速VIP
種田梨沙,2014-11-16 15:06:00,37,種田梨沙 Part16 ,1001,声優個人
種田梨沙,2014-11-14 22:41:00,6,作画を語るスレ避難所233 [種田梨沙]©2ch.net,155,難民
種田梨沙,2014-11-13 20:39:00,1996,没個性声優と言えば 三森すずこ雨宮天徳井青空内田真礼佐倉綾音種田梨沙小松未可子 ,18,ニュー速VIP
種田梨沙,2014-11-13 17:47:00,2346,種田梨沙さんがアニメ・食戟のソーマでヒロイン役に ,22,なんでも実況J
種田梨沙,2014-11-13 17:03:00,49,大久保瑠美　種田梨沙　津田美波の画力格差をご覧下さいｗｗｗｗｗｗｗｗｗ  [111247593],58,ニュー速(嫌儲)
種田梨沙,2014-11-10 11:14:00,3068,種田梨沙という理想の女 ,56,なんでも実況J
種田梨沙,2014-11-10 06:10:00,721,種田梨沙っていまいちブレイクできないけどなんで？ ,33,ニュー速VIP
